mfcc_0,mfcc_1,mfcc_2,mfcc_3,mfcc_4,mfcc_5,mfcc_6,mfcc_7,mfcc_8,mfcc_9,mfcc_10,mfcc_11,mfcc_12,label
-414.11431884765625,82.08792877197266,12.610219955444336,32.12962341308594,2.221029758453369,11.476945877075195,-1.8376919031143188,7.88104248046875,-3.493525981903076,5.47052526473999,1.474487543106079,3.019343137741089,0.6654423475265503,1.0
-514.5596923828125,85.66626739501953,17.054990768432617,23.686643600463867,10.389067649841309,14.282215118408203,5.888461112976074,10.523937225341797,2.5806944370269775,6.062782287597656,-1.4626784324645996,1.3168166875839233,-1.3018147945404053,0.0
